insert into user
values ('UID10001', 'un1', 'pass1', 'email1', 'fn1', 'ln1', '1', 'customer'),
('UID10002', 'un2', 'pass2', 'email2', 'fn2', 'ln2', '2', 'customer'),
('UID10003', 'un3', 'pass3', 'email3', 'fn3', 'ln3', '3', 'customer'),
('UID10004', 'un4', 'pass4', 'email4', 'fn4', 'ln4', '4', 'customer'),
('UID10005', 'un5', 'pass5', 'email5', 'fn5', 'ln5', '5', 'customer'),
('UID10006', 'un6', 'pass6', 'email6', 'fn6', 'ln6', '6', 'customer'),
('UID10007', 'un7', 'pass7', 'email7', 'fn7', 'ln7', '7', 'customer'),
('UID10008', 'un8', 'pass8', 'email8', 'fn8', 'ln8', '8', 'customer'),
('UID10009', 'un9', 'pass9', 'email9', 'fn9', 'ln9', '9', 'customer'),
('UID10010', 'un10', 'pass10', 'email10', 'fn10', 'ln10', '10', 'customer'),
('UID10011', 'un11', 'pass11', 'email11', 'fn11', 'ln11', '11', 'customer'),
('UID10012', 'un12', 'pass12', 'email12', 'fn12', 'ln12', '12', 'customer'),
('UID10013', 'un13', 'pass13', 'email13', 'fn13', 'ln13', '13', 'customer'),
('UID10014', 'un14', 'pass14', 'email14', 'fn14', 'ln14', '14', 'customer'),
('UID10015', 'un15', 'pass15', 'email15', 'fn15', 'ln15', '15', 'customer'),
('UID10016', 'un16', 'pass16', 'email16', 'fn16', 'ln16', '16', 'customer'),
('UID10017', 'un17', 'pass17', 'email17', 'fn17', 'ln17', '17', 'customer'),
('UID10018', 'un18', 'pass18', 'email18', 'fn18', 'ln18', '18', 'customer'),
('UID10019', 'un19', 'pass19', 'email19', 'fn19', 'ln19', '19', 'customer'),
('UID10020', 'un20', 'pass20', 'email20', 'fn20', 'ln20', '20', 'customer'),
('UID10021', 'un21', 'pass21', 'email21', 'fn21', 'ln21', '21', 'customer'),
('UID10022', 'un22', 'pass22', 'email22', 'fn22', 'ln22', '22', 'customer'),
('UID10023', 'un23', 'pass23', 'email23', 'fn23', 'ln23', '23', 'customer'),
('UID10024', 'un24', 'pass24', 'email24', 'fn24', 'ln24', '24', 'customer'),
('UID10025', 'un25', 'pass25', 'email25', 'fn25', 'ln25', '25', 'customer'),
('UID10026', 'un26', 'pass26', 'email26', 'fn26', 'ln26', '26', 'customer'),
('UID10027', 'un27', 'pass27', 'email27', 'fn27', 'ln27', '27', 'customer'),
('UID10028', 'un28', 'pass28', 'email28', 'fn28', 'ln28', '28', 'customer'),
('UID10029', 'un29', 'pass29', 'email29', 'fn29', 'ln29', '29', 'customer'),
('UID10030', 'un30', 'pass30', 'email30', 'fn30', 'ln30', '30', 'customer'),
('UID10031', 'un31', 'pass31', 'email31', 'fn31', 'ln31', '31', 'customer'),
('UID10032', 'un32', 'pass32', 'email32', 'fn32', 'ln32', '32', 'customer'),
('UID10033', 'un33', 'pass33', 'email33', 'fn33', 'ln33', '33', 'customer'),
('UID10034', 'un34', 'pass34', 'email34', 'fn34', 'ln34', '34', 'customer'),
('UID10035', 'un35', 'pass35', 'email35', 'fn35', 'ln35', '35', 'customer'),
('UID10036', 'un36', 'pass36', 'email36', 'fn36', 'ln36', '36', 'customer'),
('UID10037', 'un37', 'pass37', 'email37', 'fn37', 'ln37', '37', 'customer'),
('UID10038', 'un38', 'pass38', 'email38', 'fn38', 'ln38', '38', 'customer'),
('UID10039', 'un39', 'pass39', 'email39', 'fn39', 'ln39', '39', 'customer'),
('UID10040', 'un40', 'pass40', 'email40', 'fn40', 'ln40', '40', 'customer'),
('UID10041', 'un41', 'pass41', 'email41', 'fn41', 'ln41', '41', 'customer'),
('UID10042', 'un42', 'pass42', 'email42', 'fn42', 'ln42', '42', 'customer'),
('UID10043', 'un43', 'pass43', 'email43', 'fn43', 'ln43', '43', 'customer'),
('UID10044', 'un44', 'pass44', 'email44', 'fn44', 'ln44', '44', 'customer'),
('UID10045', 'un45', 'pass45', 'email45', 'fn45', 'ln45', '45', 'customer'),
('UID10046', 'un46', 'pass46', 'email46', 'fn46', 'ln46', '46', 'customer'),
('UID10047', 'un47', 'pass47', 'email47', 'fn47', 'ln47', '47', 'customer'),
('UID10048', 'un48', 'pass48', 'email48', 'fn48', 'ln48', '48', 'customer'),
('UID10049', 'un49', 'pass49', 'email49', 'fn49', 'ln49', '49', 'customer'),
('UID10050', 'un50', 'pass50', 'email50', 'fn50', 'ln50', '50', 'customer'),
('UID10051', 'un51', 'pass51', 'email51', 'fn51', 'ln51', '51', 'customer'),
('UID10052', 'un52', 'pass52', 'email52', 'fn52', 'ln52', '52', 'customer'),
('UID10053', 'un53', 'pass53', 'email53', 'fn53', 'ln53', '53', 'customer'),
('UID10054', 'un54', 'pass54', 'email54', 'fn54', 'ln54', '54', 'customer'),
('UID10055', 'un55', 'pass55', 'email55', 'fn55', 'ln55', '55', 'customer'),
('UID10056', 'un56', 'pass56', 'email56', 'fn56', 'ln56', '56', 'customer'),
('UID10057', 'un57', 'pass57', 'email57', 'fn57', 'ln57', '57', 'customer'),
('UID10058', 'un58', 'pass58', 'email58', 'fn58', 'ln58', '58', 'customer'),
('UID10059', 'un59', 'pass59', 'email59', 'fn59', 'ln59', '59', 'customer'),
('UID10060', 'un60', 'pass60', 'email60', 'fn60', 'ln60', '60', 'customer'),
('UID10061', 'un61', 'pass61', 'email61', 'fn61', 'ln61', '61', 'customer'),
('UID10062', 'un62', 'pass62', 'email62', 'fn62', 'ln62', '62', 'customer'),
('UID10063', 'un63', 'pass63', 'email63', 'fn63', 'ln63', '63', 'customer'),
('UID10064', 'un64', 'pass64', 'email64', 'fn64', 'ln64', '64', 'customer'),
('UID10065', 'un65', 'pass65', 'email65', 'fn65', 'ln65', '65', 'customer'),
('UID10066', 'un66', 'pass66', 'email66', 'fn66', 'ln66', '66', 'customer'),
('UID10067', 'un67', 'pass67', 'email67', 'fn67', 'ln67', '67', 'customer'),
('UID10068', 'un68', 'pass68', 'email68', 'fn68', 'ln68', '68', 'customer'),
('UID10069', 'un69', 'pass69', 'email69', 'fn69', 'ln69', '69', 'customer'),
('UID10070', 'un70', 'pass70', 'email70', 'fn70', 'ln70', '70', 'customer'),
('UID10071', 'un71', 'pass71', 'email71', 'fn71', 'ln71', '71', 'customer'),
('UID10072', 'un72', 'pass72', 'email72', 'fn72', 'ln72', '72', 'customer'),
('UID10073', 'un73', 'pass73', 'email73', 'fn73', 'ln73', '73', 'customer'),
('UID10074', 'un74', 'pass74', 'email74', 'fn74', 'ln74', '74', 'customer'),
('UID10075', 'un75', 'pass75', 'email75', 'fn75', 'ln75', '75', 'customer'),
('UID10076', 'un76', 'pass76', 'email76', 'fn76', 'ln76', '76', 'customer'),
('UID10077', 'un77', 'pass77', 'email77', 'fn77', 'ln77', '77', 'customer'),
('UID10078', 'un78', 'pass78', 'email78', 'fn78', 'ln78', '78', 'customer'),
('UID10079', 'un79', 'pass79', 'email79', 'fn79', 'ln79', '79', 'customer'),
('UID10080', 'un80', 'pass80', 'email80', 'fn80', 'ln80', '80', 'customer'),
('UID10081', 'un81', 'pass81', 'email81', 'fn81', 'ln81', '81', 'customer'),
('UID10082', 'un82', 'pass82', 'email82', 'fn82', 'ln82', '82', 'customer'),
('UID10083', 'un83', 'pass83', 'email83', 'fn83', 'ln83', '83', 'customer'),
('UID10084', 'un84', 'pass84', 'email84', 'fn84', 'ln84', '84', 'customer'),
('UID10085', 'un85', 'pass85', 'email85', 'fn85', 'ln85', '85', 'customer'),
('UID10086', 'un86', 'pass86', 'email86', 'fn86', 'ln86', '86', 'customer'),
('UID10087', 'un87', 'pass87', 'email87', 'fn87', 'ln87', '87', 'customer'),
('UID10088', 'un88', 'pass88', 'email88', 'fn88', 'ln88', '88', 'customer'),
('UID10089', 'un89', 'pass89', 'email89', 'fn89', 'ln89', '89', 'customer'),
('UID10090', 'un90', 'pass90', 'email90', 'fn90', 'ln90', '90', 'customer');

insert into customer
values ('UID10001', 'bank_transfer'),
('UID10002', 'bank_transfer'),
('UID10003', 'credit_card'),
('UID10004', 'credit_card'),
('UID10005', 'cash'),
('UID10006', 'bank_transfer'),
('UID10007', 'credit_card'),
('UID10008', 'bank_transfer'),
('UID10009', 'bank_transfer'),
('UID10010', 'cash'),
('UID10011', 'cash'),
('UID10012', 'credit_card'),
('UID10013', 'bank_transfer'),
('UID10014', 'bank_transfer'),
('UID10015', 'credit_card'),
('UID10016', 'cash'),
('UID10017', 'cash'),
('UID10018', 'bank_transfer'),
('UID10019', 'credit_card'),
('UID10020', 'cash'),
('UID10021', 'credit_card'),
('UID10022', 'credit_card'),
('UID10023', 'bank_transfer'),
('UID10024', 'credit_card'),
('UID10025', 'credit_card'),
('UID10026', 'credit_card'),
('UID10027', 'cash'),
('UID10028', 'credit_card'),
('UID10029', 'cash'),
('UID10030', 'credit_card'),
('UID10031', 'credit_card'),
('UID10032', 'credit_card'),
('UID10033', 'credit_card'),
('UID10034', 'credit_card'),
('UID10035', 'cash'),
('UID10036', 'bank_transfer'),
('UID10037', 'credit_card'),
('UID10038', 'bank_transfer'),
('UID10039', 'credit_card'),
('UID10040', 'credit_card'),
('UID10041', 'bank_transfer'),
('UID10042', 'credit_card'),
('UID10043', 'credit_card'),
('UID10044', 'credit_card'),
('UID10045', 'bank_transfer'),
('UID10046', 'cash'),
('UID10047', 'bank_transfer'),
('UID10048', 'cash'),
('UID10049', 'cash'),
('UID10050', 'bank_transfer'),
('UID10051', 'cash'),
('UID10052', 'credit_card'),
('UID10053', 'bank_transfer'),
('UID10054', 'bank_transfer'),
('UID10055', 'bank_transfer'),
('UID10056', 'cash'),
('UID10057', 'bank_transfer'),
('UID10058', 'cash'),
('UID10059', 'bank_transfer'),
('UID10060', 'cash'),
('UID10061', 'cash'),
('UID10062', 'bank_transfer'),
('UID10063', 'credit_card'),
('UID10064', 'credit_card'),
('UID10065', 'cash'),
('UID10066', 'bank_transfer'),
('UID10067', 'cash'),
('UID10068', 'bank_transfer'),
('UID10069', 'cash'),
('UID10070', 'cash'),
('UID10071', 'credit_card'),
('UID10072', 'credit_card'),
('UID10073', 'cash'),
('UID10074', 'credit_card'),
('UID10075', 'bank_transfer'),
('UID10076', 'bank_transfer'),
('UID10077', 'bank_transfer'),
('UID10078', 'credit_card'),
('UID10079', 'cash'),
('UID10080', 'credit_card'),
('UID10081', 'credit_card'),
('UID10082', 'cash'),
('UID10083', 'credit_card'),
('UID10084', 'bank_transfer'),
('UID10085', 'bank_transfer'),
('UID10086', 'bank_transfer'),
('UID10087', 'bank_transfer'),
('UID10088', 'bank_transfer'),
('UID10089', 'bank_transfer'),
('UID10090', 'credit_card');

insert into subscriptioninfo
values ('A', 'AltA', 40, 30, 30),
('B', 'AltB', 50, 40, 30),
('C', 'AltC', 70, 60, 30);

insert into customersubscription
values ( 'C', 'UID10001', date('2021-8-5'), date('2021-8-5'), date('2021-9-5'), 0 ),
( 'A', 'UID10002', date('2021-10-2'), date('2021-10-2'), date('2021-11-2'), 0 ),
( 'B', 'UID10003', date('2020-3-11'), date('2020-3-11'), date('2020-4-11'), 0 ),
( 'B', 'UID10004', date('2020-11-25'), date('2020-11-25'), date('2020-12-25'), 0 ),
( 'A', 'UID10005', date('2021-1-9'), date('2021-1-9'), date('2021-2-9'), 0 ),
( 'A', 'UID10006', date('2021-6-28'), date('2021-6-28'), date('2021-7-28'), 0 ),
( 'A', 'UID10007', date('2020-7-15'), date('2020-7-15'), date('2020-8-15'), 0 ),
( 'B', 'UID10008', date('2020-5-1'), date('2020-5-1'), date('2020-6-1'), 0 ),
( 'B', 'UID10009', date('2021-6-17'), date('2021-6-17'), date('2021-7-17'), 0 ),
( 'A', 'UID10010', date('2020-4-21'), date('2020-4-21'), date('2020-5-21'), 0 ),
( 'A', 'UID10011', date('2020-3-21'), date('2020-3-21'), date('2020-4-21'), 0 ),
( 'C', 'UID10012', date('2020-11-11'), date('2020-11-11'), date('2020-12-11'), 0 ),
( 'A', 'UID10013', date('2020-11-6'), date('2020-11-6'), date('2020-12-6'), 0 ),
( 'B', 'UID10014', date('2020-4-22'), date('2020-4-22'), date('2020-5-22'), 0 ),
( 'C', 'UID10015', date('2021-1-12'), date('2021-1-12'), date('2021-2-12'), 0 ),
( 'C', 'UID10016', date('2021-2-19'), date('2021-2-19'), date('2021-3-19'), 0 ),
( 'C', 'UID10017', date('2021-10-3'), date('2021-10-3'), date('2021-11-3'), 0 ),
( 'A', 'UID10018', date('2021-4-19'), date('2021-4-19'), date('2021-5-19'), 0 ),
( 'B', 'UID10019', date('2021-5-26'), date('2021-5-26'), date('2021-6-26'), 0 ),
( 'A', 'UID10020', date('2021-2-1'), date('2021-2-1'), date('2021-3-1'), 0 ),
( 'A', 'UID10021', date('2020-12-5'), date('2020-12-5'), date('2021-1-5'), 0 ),
( 'A', 'UID10022', date('2021-8-28'), date('2021-8-28'), date('2021-9-28'), 0 ),
( 'A', 'UID10023', date('2021-12-16'), date('2021-12-16'), date('2022-1-16'), 0 ),
( 'A', 'UID10024', date('2021-5-10'), date('2021-5-10'), date('2021-6-10'), 0 ),
( 'A', 'UID10025', date('2021-4-12'), date('2021-4-12'), date('2021-5-12'), 0 ),
( 'A', 'UID10026', date('2021-8-15'), date('2021-8-15'), date('2021-9-15'), 0 ),
( 'B', 'UID10027', date('2020-11-2'), date('2020-11-2'), date('2020-12-2'), 0 ),
( 'B', 'UID10028', date('2020-3-24'), date('2020-3-24'), date('2020-4-24'), 0 ),
( 'B', 'UID10029', date('2021-7-26'), date('2021-7-26'), date('2021-8-26'), 0 ),
( 'A', 'UID10030', date('2020-11-2'), date('2020-11-2'), date('2020-12-2'), 0 ),
( 'B', 'UID10031', date('2021-5-24'), date('2021-5-24'), date('2021-6-24'), 0 ),
( 'A', 'UID10032', date('2020-1-6'), date('2020-1-6'), date('2020-2-6'), 0 ),
( 'C', 'UID10033', date('2021-6-9'), date('2021-6-9'), date('2021-7-9'), 0 ),
( 'A', 'UID10034', date('2021-1-21'), date('2021-1-21'), date('2021-2-21'), 0 ),
( 'A', 'UID10035', date('2021-12-11'), date('2021-12-11'), date('2022-1-11'), 0 ),
( 'B', 'UID10036', date('2021-7-24'), date('2021-7-24'), date('2021-8-24'), 0 ),
( 'A', 'UID10037', date('2021-8-17'), date('2021-8-17'), date('2021-9-17'), 0 ),
( 'A', 'UID10038', date('2021-11-1'), date('2021-11-1'), date('2021-12-1'), 0 ),
( 'B', 'UID10039', date('2021-4-17'), date('2021-4-17'), date('2021-5-17'), 0 ),
( 'B', 'UID10040', date('2021-11-21'), date('2021-11-21'), date('2021-12-21'), 0 ),
( 'C', 'UID10041', date('2021-6-7'), date('2021-6-7'), date('2021-7-7'), 0 ),
( 'A', 'UID10042', date('2020-12-5'), date('2020-12-5'), date('2021-1-5'), 0 ),
( 'B', 'UID10043', date('2020-11-12'), date('2020-11-12'), date('2020-12-12'), 0 ),
( 'A', 'UID10044', date('2021-8-12'), date('2021-8-12'), date('2021-9-12'), 0 ),
( 'A', 'UID10045', date('2021-4-2'), date('2021-4-2'), date('2021-5-2'), 0 ),
( 'A', 'UID10046', date('2021-11-24'), date('2021-11-24'), date('2021-12-24'), 0 ),
( 'B', 'UID10047', date('2021-1-3'), date('2021-1-3'), date('2021-2-3'), 0 ),
( 'A', 'UID10048', date('2020-10-11'), date('2020-10-11'), date('2020-11-11'), 0 ),
( 'A', 'UID10049', date('2021-10-19'), date('2021-10-19'), date('2021-11-19'), 0 ),
( 'B', 'UID10050', date('2021-11-26'), date('2021-11-26'), date('2021-12-26'), 0 ),
( 'B', 'UID10051', date('2020-7-25'), date('2020-7-25'), date('2020-8-25'), 0 ),
( 'A', 'UID10052', date('2021-4-11'), date('2021-4-11'), date('2021-5-11'), 0 ),
( 'B', 'UID10053', date('2021-3-25'), date('2021-3-25'), date('2021-4-25'), 0 ),
( 'A', 'UID10054', date('2021-12-2'), date('2021-12-2'), date('2022-1-2'), 0 ),
( 'A', 'UID10055', date('2020-12-8'), date('2020-12-8'), date('2021-1-8'), 0 ),
( 'A', 'UID10056', date('2020-3-11'), date('2020-3-11'), date('2020-4-11'), 0 ),
( 'A', 'UID10057', date('2021-4-27'), date('2021-4-27'), date('2021-5-27'), 0 ),
( 'B', 'UID10058', date('2021-5-4'), date('2021-5-4'), date('2021-6-4'), 0 ),
( 'A', 'UID10059', date('2020-5-15'), date('2020-5-15'), date('2020-6-15'), 0 ),
( 'A', 'UID10060', date('2020-7-26'), date('2020-7-26'), date('2020-8-26'), 0 ),
( 'A', 'UID10061', date('2021-1-7'), date('2021-1-7'), date('2021-2-7'), 0 ),
( 'A', 'UID10062', date('2021-12-8'), date('2021-12-8'), date('2022-1-8'), 0 ),
( 'C', 'UID10063', date('2021-5-10'), date('2021-5-10'), date('2021-6-10'), 0 ),
( 'B', 'UID10064', date('2021-11-5'), date('2021-11-5'), date('2021-12-5'), 0 ),
( 'C', 'UID10065', date('2021-7-28'), date('2021-7-28'), date('2021-8-28'), 0 ),
( 'A', 'UID10066', date('2021-12-20'), date('2021-12-20'), date('2022-1-20'), 0 ),
( 'C', 'UID10067', date('2021-10-14'), date('2021-10-14'), date('2021-11-14'), 0 ),
( 'A', 'UID10068', date('2021-9-9'), date('2021-9-9'), date('2021-10-9'), 0 ),
( 'A', 'UID10069', date('2020-1-24'), date('2020-1-24'), date('2020-2-24'), 0 ),
( 'B', 'UID10070', date('2021-6-28'), date('2021-6-28'), date('2021-7-28'), 0 ),
( 'A', 'UID10071', date('2021-7-10'), date('2021-7-10'), date('2021-8-10'), 0 ),
( 'A', 'UID10072', date('2021-10-28'), date('2021-10-28'), date('2021-11-28'), 0 ),
( 'B', 'UID10073', date('2021-12-11'), date('2021-12-11'), date('2022-1-11'), 0 ),
( 'B', 'UID10074', date('2020-10-25'), date('2020-10-25'), date('2020-11-25'), 0 ),
( 'A', 'UID10075', date('2020-3-4'), date('2020-3-4'), date('2020-4-4'), 0 ),
( 'A', 'UID10076', date('2021-5-2'), date('2021-5-2'), date('2021-6-2'), 0 ),
( 'B', 'UID10077', date('2021-11-14'), date('2021-11-14'), date('2021-12-14'), 0 ),
( 'B', 'UID10078', date('2021-8-20'), date('2021-8-20'), date('2021-9-20'), 0 ),
( 'B', 'UID10079', date('2021-11-6'), date('2021-11-6'), date('2021-12-6'), 0 ),
( 'A', 'UID10080', date('2021-6-9'), date('2021-6-9'), date('2021-7-9'), 0 ),
( 'A', 'UID10081', date('2021-8-11'), date('2021-8-11'), date('2021-9-11'), 0 ),
( 'B', 'UID10082', date('2021-1-2'), date('2021-1-2'), date('2021-2-2'), 0 ),
( 'C', 'UID10083', date('2021-5-24'), date('2021-5-24'), date('2021-6-24'), 0 ),
( 'B', 'UID10084', date('2021-9-2'), date('2021-9-2'), date('2021-10-2'), 0 ),
( 'B', 'UID10085', date('2020-8-16'), date('2020-8-16'), date('2020-9-16'), 0 ),
( 'C', 'UID10086', date('2021-2-2'), date('2021-2-2'), date('2021-3-2'), 0 ),
( 'B', 'UID10087', date('2021-11-8'), date('2021-11-8'), date('2021-12-8'), 0 ),
( 'A', 'UID10088', date('2021-1-25'), date('2021-1-25'), date('2021-2-25'), 0 ),
( 'A', 'UID10089', date('2021-1-10'), date('2021-1-10'), date('2021-2-10'), 0 ),
( 'A', 'UID10090', date('2021-12-9'), date('2021-12-9'), date('2022-1-9'), 0 ),
( 'A', 'UID10001', date('2021-9-24'), date('2021-9-24'), date('2021-10-24'), 0 ),
( 'A', 'UID10002', date('2021-8-16'), date('2021-8-16'), date('2021-9-16'), 0 ),
( 'A', 'UID10003', date('2021-5-9'), date('2021-5-9'), date('2021-6-9'), 0 ),
( 'A', 'UID10004', date('2021-2-12'), date('2021-2-12'), date('2021-3-12'), 0 ),
( 'B', 'UID10005', date('2020-2-12'), date('2020-2-12'), date('2020-3-12'), 0 ),
( 'B', 'UID10006', date('2021-9-18'), date('2021-9-18'), date('2021-10-18'), 0 ),
( 'C', 'UID10007', date('2020-1-14'), date('2020-1-14'), date('2020-2-14'), 0 ),
( 'C', 'UID10008', date('2021-12-5'), date('2021-12-5'), date('2022-1-5'), 0 ),
( 'B', 'UID10009', date('2021-4-8'), date('2021-4-8'), date('2021-5-8'), 0 ),
( 'C', 'UID10010', date('2020-3-20'), date('2020-3-20'), date('2020-4-20'), 0 ),
( 'A', 'UID10011', date('2020-2-15'), date('2020-2-15'), date('2020-3-15'), 0 ),
( 'B', 'UID10012', date('2021-4-20'), date('2021-4-20'), date('2021-5-20'), 0 ),
( 'A', 'UID10013', date('2021-6-21'), date('2021-6-21'), date('2021-7-21'), 0 ),
( 'A', 'UID10014', date('2021-8-17'), date('2021-8-17'), date('2021-9-17'), 0 ),
( 'A', 'UID10015', date('2021-2-24'), date('2021-2-24'), date('2021-3-24'), 0 ),
( 'A', 'UID10016', date('2021-2-24'), date('2021-2-24'), date('2021-3-24'), 0 ),
( 'A', 'UID10017', date('2020-11-16'), date('2020-11-16'), date('2020-12-16'), 0 ),
( 'A', 'UID10018', date('2021-3-13'), date('2021-3-13'), date('2021-4-13'), 0 ),
( 'A', 'UID10019', date('2021-7-12'), date('2021-7-12'), date('2021-8-12'), 0 ),
( 'C', 'UID10020', date('2021-12-2'), date('2021-12-2'), date('2022-1-2'), 0 ),
( 'A', 'UID10021', date('2020-6-16'), date('2020-6-16'), date('2020-7-16'), 0 ),
( 'C', 'UID10022', date('2021-7-19'), date('2021-7-19'), date('2021-8-19'), 0 ),
( 'A', 'UID10023', date('2021-9-22'), date('2021-9-22'), date('2021-10-22'), 0 ),
( 'A', 'UID10024', date('2021-9-13'), date('2021-9-13'), date('2021-10-13'), 0 ),
( 'A', 'UID10025', date('2021-6-14'), date('2021-6-14'), date('2021-7-14'), 0 ),
( 'C', 'UID10026', date('2021-5-27'), date('2021-5-27'), date('2021-6-27'), 0 ),
( 'A', 'UID10027', date('2021-3-18'), date('2021-3-18'), date('2021-4-18'), 0 ),
( 'B', 'UID10028', date('2020-7-14'), date('2020-7-14'), date('2020-8-14'), 0 ),
( 'B', 'UID10029', date('2021-8-9'), date('2021-8-9'), date('2021-9-9'), 0 ),
( 'B', 'UID10030', date('2021-9-7'), date('2021-9-7'), date('2021-10-7'), 0 ),
( 'A', 'UID10031', date('2021-5-14'), date('2021-5-14'), date('2021-6-14'), 0 ),
( 'C', 'UID10032', date('2021-6-4'), date('2021-6-4'), date('2021-7-4'), 0 ),
( 'C', 'UID10033', date('2021-9-27'), date('2021-9-27'), date('2021-10-27'), 0 ),
( 'A', 'UID10034', date('2020-6-17'), date('2020-6-17'), date('2020-7-17'), 0 ),
( 'A', 'UID10035', date('2021-12-1'), date('2021-12-1'), date('2022-1-1'), 0 ),
( 'A', 'UID10036', date('2020-12-1'), date('2020-12-1'), date('2021-1-1'), 0 ),
( 'A', 'UID10037', date('2021-10-20'), date('2021-10-20'), date('2021-11-20'), 0 ),
( 'C', 'UID10038', date('2021-5-13'), date('2021-5-13'), date('2021-6-13'), 0 ),
( 'C', 'UID10039', date('2021-2-11'), date('2021-2-11'), date('2021-3-11'), 0 ),
( 'A', 'UID10040', date('2020-11-24'), date('2020-11-24'), date('2020-12-24'), 0 ),
( 'C', 'UID10041', date('2021-1-14'), date('2021-1-14'), date('2021-2-14'), 0 ),
( 'A', 'UID10042', date('2020-2-5'), date('2020-2-5'), date('2020-3-5'), 0 ),
( 'C', 'UID10043', date('2021-3-7'), date('2021-3-7'), date('2021-4-7'), 0 ),
( 'A', 'UID10044', date('2021-8-23'), date('2021-8-23'), date('2021-9-23'), 0 ),
( 'B', 'UID10045', date('2021-5-7'), date('2021-5-7'), date('2021-6-7'), 0 ),
( 'A', 'UID10046', date('2021-7-4'), date('2021-7-4'), date('2021-8-4'), 0 ),
( 'A', 'UID10047', date('2021-12-17'), date('2021-12-17'), date('2022-1-17'), 0 ),
( 'A', 'UID10048', date('2021-7-16'), date('2021-7-16'), date('2021-8-16'), 0 ),
( 'B', 'UID10049', date('2021-11-22'), date('2021-11-22'), date('2021-12-22'), 0 ),
( 'B', 'UID10050', date('2020-11-8'), date('2020-11-8'), date('2020-12-8'), 0 ),
( 'C', 'UID10051', date('2021-9-26'), date('2021-9-26'), date('2021-10-26'), 0 ),
( 'A', 'UID10052', date('2020-9-13'), date('2020-9-13'), date('2020-10-13'), 0 ),
( 'A', 'UID10053', date('2021-7-12'), date('2021-7-12'), date('2021-8-12'), 0 ),
( 'C', 'UID10054', date('2021-6-10'), date('2021-6-10'), date('2021-7-10'), 0 ),
( 'B', 'UID10055', date('2020-9-14'), date('2020-9-14'), date('2020-10-14'), 0 ),
( 'C', 'UID10056', date('2021-6-12'), date('2021-6-12'), date('2021-7-12'), 0 ),
( 'C', 'UID10057', date('2021-6-7'), date('2021-6-7'), date('2021-7-7'), 0 ),
( 'A', 'UID10058', date('2021-12-20'), date('2021-12-20'), date('2022-1-20'), 0 ),
( 'B', 'UID10059', date('2021-5-7'), date('2021-5-7'), date('2021-6-7'), 0 ),
( 'B', 'UID10060', date('2021-11-25'), date('2021-11-25'), date('2021-12-25'), 0 ),
( 'C', 'UID10061', date('2020-1-28'), date('2020-1-28'), date('2020-2-28'), 0 ),
( 'B', 'UID10062', date('2021-11-5'), date('2021-11-5'), date('2021-12-5'), 0 ),
( 'A', 'UID10063', date('2021-5-9'), date('2021-5-9'), date('2021-6-9'), 0 ),
( 'B', 'UID10064', date('2021-11-23'), date('2021-11-23'), date('2021-12-23'), 0 ),
( 'A', 'UID10065', date('2021-9-5'), date('2021-9-5'), date('2021-10-5'), 0 ),
( 'A', 'UID10066', date('2021-2-24'), date('2021-2-24'), date('2021-3-24'), 0 ),
( 'A', 'UID10067', date('2021-8-12'), date('2021-8-12'), date('2021-9-12'), 0 ),
( 'A', 'UID10068', date('2021-11-27'), date('2021-11-27'), date('2021-12-27'), 0 ),
( 'A', 'UID10069', date('2021-1-4'), date('2021-1-4'), date('2021-2-4'), 0 ),
( 'B', 'UID10070', date('2021-8-21'), date('2021-8-21'), date('2021-9-21'), 0 ),
( 'A', 'UID10071', date('2021-12-16'), date('2021-12-16'), date('2022-1-16'), 0 ),
( 'C', 'UID10072', date('2020-1-26'), date('2020-1-26'), date('2020-2-26'), 0 ),
( 'B', 'UID10073', date('2020-2-24'), date('2020-2-24'), date('2020-3-24'), 0 ),
( 'A', 'UID10074', date('2021-3-27'), date('2021-3-27'), date('2021-4-27'), 0 ),
( 'B', 'UID10075', date('2021-11-6'), date('2021-11-6'), date('2021-12-6'), 0 ),
( 'A', 'UID10076', date('2020-2-22'), date('2020-2-22'), date('2020-3-22'), 0 ),
( 'C', 'UID10077', date('2021-2-4'), date('2021-2-4'), date('2021-3-4'), 0 ),
( 'A', 'UID10078', date('2021-4-5'), date('2021-4-5'), date('2021-5-5'), 0 ),
( 'C', 'UID10079', date('2021-4-7'), date('2021-4-7'), date('2021-5-7'), 0 ),
( 'B', 'UID10080', date('2021-7-20'), date('2021-7-20'), date('2021-8-20'), 0 ),
( 'A', 'UID10001', date('2021-3-3'), date('2021-3-3'), date('2021-4-3'), 0 ),
( 'A', 'UID10002', date('2021-6-15'), date('2021-6-15'), date('2021-7-15'), 0 ),
( 'C', 'UID10003', date('2021-11-13'), date('2021-11-13'), date('2021-12-13'), 0 ),
( 'A', 'UID10004', date('2021-6-7'), date('2021-6-7'), date('2021-7-7'), 0 ),
( 'C', 'UID10005', date('2021-8-17'), date('2021-8-17'), date('2021-9-17'), 0 ),
( 'C', 'UID10006', date('2021-4-17'), date('2021-4-17'), date('2021-5-17'), 0 ),
( 'B', 'UID10007', date('2020-1-15'), date('2020-1-15'), date('2020-2-15'), 0 ),
( 'A', 'UID10008', date('2021-4-6'), date('2021-4-6'), date('2021-5-6'), 0 ),
( 'A', 'UID10009', date('2021-7-3'), date('2021-7-3'), date('2021-8-3'), 0 ),
( 'A', 'UID10010', date('2021-2-2'), date('2021-2-2'), date('2021-3-2'), 0 ),
( 'C', 'UID10011', date('2020-9-14'), date('2020-9-14'), date('2020-10-14'), 0 ),
( 'A', 'UID10012', date('2021-2-20'), date('2021-2-20'), date('2021-3-20'), 0 ),
( 'A', 'UID10013', date('2020-12-24'), date('2020-12-24'), date('2021-1-24'), 0 ),
( 'A', 'UID10014', date('2021-1-18'), date('2021-1-18'), date('2021-2-18'), 0 ),
( 'C', 'UID10015', date('2021-11-4'), date('2021-11-4'), date('2021-12-4'), 0 ),
( 'B', 'UID10016', date('2021-10-13'), date('2021-10-13'), date('2021-11-13'), 0 ),
( 'A', 'UID10017', date('2021-9-21'), date('2021-9-21'), date('2021-10-21'), 0 ),
( 'B', 'UID10018', date('2021-4-1'), date('2021-4-1'), date('2021-5-1'), 0 ),
( 'B', 'UID10019', date('2021-7-17'), date('2021-7-17'), date('2021-8-17'), 0 ),
( 'B', 'UID10020', date('2021-2-20'), date('2021-2-20'), date('2021-3-20'), 0 ),
( 'A', 'UID10021', date('2020-7-4'), date('2020-7-4'), date('2020-8-4'), 0 ),
( 'B', 'UID10022', date('2021-6-13'), date('2021-6-13'), date('2021-7-13'), 0 ),
( 'A', 'UID10023', date('2021-10-9'), date('2021-10-9'), date('2021-11-9'), 0 ),
( 'B', 'UID10024', date('2021-1-26'), date('2021-1-26'), date('2021-2-26'), 0 ),
( 'A', 'UID10025', date('2021-6-20'), date('2021-6-20'), date('2021-7-20'), 0 ),
( 'A', 'UID10026', date('2021-10-15'), date('2021-10-15'), date('2021-11-15'), 0 ),
( 'A', 'UID10027', date('2021-1-6'), date('2021-1-6'), date('2021-2-6'), 0 ),
( 'A', 'UID10028', date('2021-7-16'), date('2021-7-16'), date('2021-8-16'), 0 ),
( 'C', 'UID10029', date('2021-12-27'), date('2021-12-27'), date('2022-1-27'), 0 ),
( 'B', 'UID10030', date('2021-4-21'), date('2021-4-21'), date('2021-5-21'), 0 ),
( 'B', 'UID10031', date('2021-12-1'), date('2021-12-1'), date('2022-1-1'), 0 ),
( 'A', 'UID10032', date('2021-4-26'), date('2021-4-26'), date('2021-5-26'), 0 ),
( 'B', 'UID10033', date('2021-7-6'), date('2021-7-6'), date('2021-8-6'), 0 ),
( 'C', 'UID10034', date('2020-1-26'), date('2020-1-26'), date('2020-2-26'), 0 ),
( 'C', 'UID10035', date('2021-5-19'), date('2021-5-19'), date('2021-6-19'), 0 ),
( 'A', 'UID10036', date('2021-3-5'), date('2021-3-5'), date('2021-4-5'), 0 ),
( 'B', 'UID10037', date('2021-6-8'), date('2021-6-8'), date('2021-7-8'), 0 ),
( 'A', 'UID10038', date('2020-9-16'), date('2020-9-16'), date('2020-10-16'), 0 ),
( 'B', 'UID10039', date('2021-11-28'), date('2021-11-28'), date('2021-12-28'), 0 ),
( 'A', 'UID10040', date('2021-8-14'), date('2021-8-14'), date('2021-9-14'), 0 ),
( 'A', 'UID10041', date('2021-10-25'), date('2021-10-25'), date('2021-11-25'), 0 ),
( 'A', 'UID10042', date('2020-4-8'), date('2020-4-8'), date('2020-5-8'), 0 ),
( 'A', 'UID10043', date('2021-7-23'), date('2021-7-23'), date('2021-8-23'), 0 ),
( 'A', 'UID10044', date('2020-10-26'), date('2020-10-26'), date('2020-11-26'), 0 ),
( 'A', 'UID10045', date('2021-3-10'), date('2021-3-10'), date('2021-4-10'), 0 ),
( 'B', 'UID10046', date('2020-11-8'), date('2020-11-8'), date('2020-12-8'), 0 ),
( 'A', 'UID10047', date('2020-12-1'), date('2020-12-1'), date('2021-1-1'), 0 ),
( 'B', 'UID10048', date('2021-8-27'), date('2021-8-27'), date('2021-9-27'), 0 ),
( 'C', 'UID10049', date('2021-6-13'), date('2021-6-13'), date('2021-7-13'), 0 ),
( 'C', 'UID10050', date('2020-3-11'), date('2020-3-11'), date('2020-4-11'), 0 ),
( 'B', 'UID10051', date('2020-3-5'), date('2020-3-5'), date('2020-4-5'), 0 ),
( 'B', 'UID10052', date('2021-1-28'), date('2021-1-28'), date('2021-2-28'), 0 ),
( 'A', 'UID10053', date('2021-11-9'), date('2021-11-9'), date('2021-12-9'), 0 ),
( 'B', 'UID10054', date('2021-2-26'), date('2021-2-26'), date('2021-3-26'), 0 ),
( 'B', 'UID10055', date('2021-2-21'), date('2021-2-21'), date('2021-3-21'), 0 ),
( 'A', 'UID10056', date('2021-1-13'), date('2021-1-13'), date('2021-2-13'), 0 ),
( 'A', 'UID10057', date('2021-5-4'), date('2021-5-4'), date('2021-6-4'), 0 ),
( 'A', 'UID10058', date('2021-4-8'), date('2021-4-8'), date('2021-5-8'), 0 ),
( 'A', 'UID10059', date('2021-4-25'), date('2021-4-25'), date('2021-5-25'), 0 ),
( 'B', 'UID10060', date('2021-12-17'), date('2021-12-17'), date('2022-1-17'), 0 ),
( 'C', 'UID10061', date('2021-9-1'), date('2021-9-1'), date('2021-10-1'), 0 ),
( 'A', 'UID10062', date('2020-11-17'), date('2020-11-17'), date('2020-12-17'), 0 ),
( 'A', 'UID10063', date('2021-10-23'), date('2021-10-23'), date('2021-11-23'), 0 ),
( 'A', 'UID10064', date('2020-12-17'), date('2020-12-17'), date('2021-1-17'), 0 ),
( 'B', 'UID10065', date('2021-12-1'), date('2021-12-1'), date('2022-1-1'), 0 ),
( 'A', 'UID10066', date('2021-9-24'), date('2021-9-24'), date('2021-10-24'), 0 ),
( 'A', 'UID10067', date('2021-9-12'), date('2021-9-12'), date('2021-10-12'), 0 ),
( 'A', 'UID10068', date('2021-8-2'), date('2021-8-2'), date('2021-9-2'), 0 ),
( 'A', 'UID10069', date('2020-9-18'), date('2020-9-18'), date('2020-10-18'), 0 ),
( 'B', 'UID10070', date('2021-11-6'), date('2021-11-6'), date('2021-12-6'), 0 ),
( 'A', 'UID10001', date('2021-2-10'), date('2021-2-10'), date('2021-3-10'), 0 ),
( 'A', 'UID10002', date('2020-11-21'), date('2020-11-21'), date('2020-12-21'), 0 ),
( 'A', 'UID10003', date('2021-1-24'), date('2021-1-24'), date('2021-2-24'), 0 ),
( 'A', 'UID10004', date('2021-2-19'), date('2021-2-19'), date('2021-3-19'), 0 ),
( 'B', 'UID10005', date('2021-12-16'), date('2021-12-16'), date('2022-1-16'), 0 ),
( 'A', 'UID10006', date('2020-11-2'), date('2020-11-2'), date('2020-12-2'), 0 ),
( 'B', 'UID10007', date('2020-1-2'), date('2020-1-2'), date('2020-2-2'), 0 ),
( 'C', 'UID10008', date('2021-1-21'), date('2021-1-21'), date('2021-2-21'), 0 ),
( 'A', 'UID10009', date('2021-5-16'), date('2021-5-16'), date('2021-6-16'), 0 ),
( 'A', 'UID10010', date('2021-7-2'), date('2021-7-2'), date('2021-8-2'), 0 ),
( 'A', 'UID10011', date('2021-1-25'), date('2021-1-25'), date('2021-2-25'), 0 ),
( 'A', 'UID10012', date('2021-12-27'), date('2021-12-27'), date('2022-1-27'), 0 ),
( 'A', 'UID10013', date('2020-7-19'), date('2020-7-19'), date('2020-8-19'), 0 ),
( 'A', 'UID10014', date('2021-10-19'), date('2021-10-19'), date('2021-11-19'), 0 ),
( 'A', 'UID10015', date('2020-5-24'), date('2020-5-24'), date('2020-6-24'), 0 ),
( 'B', 'UID10016', date('2021-11-9'), date('2021-11-9'), date('2021-12-9'), 0 ),
( 'A', 'UID10017', date('2021-5-21'), date('2021-5-21'), date('2021-6-21'), 0 ),
( 'B', 'UID10018', date('2020-2-6'), date('2020-2-6'), date('2020-3-6'), 0 ),
( 'A', 'UID10019', date('2021-8-4'), date('2021-8-4'), date('2021-9-4'), 0 ),
( 'A', 'UID10020', date('2020-5-3'), date('2020-5-3'), date('2020-6-3'), 0 ),
( 'B', 'UID10021', date('2020-1-17'), date('2020-1-17'), date('2020-2-17'), 0 ),
( 'A', 'UID10022', date('2021-6-23'), date('2021-6-23'), date('2021-7-23'), 0 ),
( 'B', 'UID10023', date('2021-11-22'), date('2021-11-22'), date('2021-12-22'), 0 ),
( 'A', 'UID10024', date('2021-4-7'), date('2021-4-7'), date('2021-5-7'), 0 ),
( 'B', 'UID10025', date('2020-3-14'), date('2020-3-14'), date('2020-4-14'), 0 ),
( 'B', 'UID10026', date('2021-1-16'), date('2021-1-16'), date('2021-2-16'), 0 ),
( 'A', 'UID10027', date('2021-3-9'), date('2021-3-9'), date('2021-4-9'), 0 ),
( 'B', 'UID10028', date('2021-1-8'), date('2021-1-8'), date('2021-2-8'), 0 ),
( 'B', 'UID10029', date('2021-4-24'), date('2021-4-24'), date('2021-5-24'), 0 ),
( 'B', 'UID10030', date('2021-8-13'), date('2021-8-13'), date('2021-9-13'), 0 ),
( 'A', 'UID10031', date('2021-2-1'), date('2021-2-1'), date('2021-3-1'), 0 ),
( 'B', 'UID10032', date('2020-7-15'), date('2020-7-15'), date('2020-8-15'), 0 ),
( 'B', 'UID10033', date('2021-2-22'), date('2021-2-22'), date('2021-3-22'), 0 ),
( 'B', 'UID10034', date('2021-11-18'), date('2021-11-18'), date('2021-12-18'), 0 ),
( 'A', 'UID10035', date('2020-5-16'), date('2020-5-16'), date('2020-6-16'), 0 ),
( 'A', 'UID10036', date('2021-11-18'), date('2021-11-18'), date('2021-12-18'), 0 ),
( 'A', 'UID10037', date('2021-5-5'), date('2021-5-5'), date('2021-6-5'), 0 ),
( 'A', 'UID10038', date('2021-5-26'), date('2021-5-26'), date('2021-6-26'), 0 ),
( 'A', 'UID10039', date('2021-5-28'), date('2021-5-28'), date('2021-6-28'), 0 ),
( 'B', 'UID10040', date('2021-11-8'), date('2021-11-8'), date('2021-12-8'), 0 ),
( 'A', 'UID10041', date('2021-1-27'), date('2021-1-27'), date('2021-2-27'), 0 ),
( 'A', 'UID10042', date('2020-6-24'), date('2020-6-24'), date('2020-7-24'), 0 ),
( 'A', 'UID10043', date('2021-10-5'), date('2021-10-5'), date('2021-11-5'), 0 ),
( 'B', 'UID10044', date('2021-11-22'), date('2021-11-22'), date('2021-12-22'), 0 ),
( 'A', 'UID10045', date('2021-9-17'), date('2021-9-17'), date('2021-10-17'), 0 ),
( 'A', 'UID10046', date('2021-3-7'), date('2021-3-7'), date('2021-4-7'), 0 ),
( 'C', 'UID10047', date('2021-6-14'), date('2021-6-14'), date('2021-7-14'), 0 ),
( 'B', 'UID10048', date('2021-7-12'), date('2021-7-12'), date('2021-8-12'), 0 ),
( 'A', 'UID10049', date('2020-4-5'), date('2020-4-5'), date('2020-5-5'), 0 ),
( 'B', 'UID10050', date('2021-4-6'), date('2021-4-6'), date('2021-5-6'), 0 ),
( 'A', 'UID10051', date('2020-12-18'), date('2020-12-18'), date('2021-1-18'), 0 ),
( 'B', 'UID10052', date('2021-6-12'), date('2021-6-12'), date('2021-7-12'), 0 ),
( 'C', 'UID10053', date('2020-8-12'), date('2020-8-12'), date('2020-9-12'), 0 ),
( 'A', 'UID10054', date('2021-5-18'), date('2021-5-18'), date('2021-6-18'), 0 ),
( 'B', 'UID10055', date('2020-5-15'), date('2020-5-15'), date('2020-6-15'), 0 ),
( 'C', 'UID10056', date('2021-3-24'), date('2021-3-24'), date('2021-4-24'), 0 ),
( 'A', 'UID10057', date('2021-3-17'), date('2021-3-17'), date('2021-4-17'), 0 ),
( 'A', 'UID10058', date('2020-3-7'), date('2020-3-7'), date('2020-4-7'), 0 ),
( 'B', 'UID10059', date('2021-9-26'), date('2021-9-26'), date('2021-10-26'), 0 ),
( 'A', 'UID10060', date('2021-3-22'), date('2021-3-22'), date('2021-4-22'), 0 );


select subscription_type as SubscriptionType, sum(Price) as GrossSale, user_ID as TopSpender, max(Price) as SpendingAmount
from (
	select subscription_type, user_ID, sum(price) as Price
    from customersubscription natural join subscriptioninfo  left join customer on customersubscription.customer_ID = customer.user_ID natural join user
    where start_date between date('2021-1-1') and date('2021-12-31') and end_date between date('2021-1-1') and date('2021-12-31')
    group by subscription_type, user_ID
    order by Price DESC, buy_date
) T
group by subscription_type
order by GrossSale DESC;